TxnID,AccountID,CustomerID,Amount,Type,Channel,Date
T000000,A000108,C00072,114533,Credit,POS,2025-11-20
T000001,A000231,C00155,77750,Debit,UPI,2025-03-14
T000002,A000212,C00140,67526,Debit,UPI,2025-05-05
T000003,A000206,C00135,112829,Debit,ATM,2025-12-08
T000004,A000275,C00186,189425,Credit,ATM,2025-11-25
T000005,A000064,C00042,32662,Debit,IMPS,2025-06-10
T000006,A000091,C00059,68207,Credit,IMPS,2025-05-05
T000007,A000013,C00009,104992,Credit,NEFT,2025-08-05
T000008,A000183,C00120,126648,Debit,UPI,2025-11-15
T000009,A000023,C00015,107407,Credit,NEFT,2025-01-06
T000010,A000090,C00058,101997,Debit,UPI,2025-01-20
T000011,A000056,C00037,65956,Credit,ATM,2025-04-13
T000012,A000035,C00022,136210,Debit,UPI,2025-10-22
T000013,A000054,C00035,119843,Credit,IMPS,2025-09-20
T000014,A000039,C00025,4322,Debit,POS,2025-06-25
T000015,A000217,C00143,107670,Debit,ATM,2025-12-17
T000016,A000021,C00014,48282,Debit,POS,2025-03-04
T000017,A000211,C00139,191230,Debit,UPI,2025-05-10
T000018,A000145,C00095,72021,Debit,IMPS,2025-02-01
T000019,A000219,C00145,3588,Credit,IMPS,2025-08-04
T000020,A000273,C00185,164874,Debit,POS,2025-05-16
T000021,A000087,C00056,28741,Credit,NEFT,2025-07-25
T000022,A000025,C00016,138269,Credit,IMPS,2025-08-25
T000023,A000098,C00065,55677,Credit,ATM,2025-02-05
T000024,A000136,C00090,166377,Credit,IMPS,2025-11-25
T000025,A000255,C00171,147439,Credit,ATM,2025-06-30
T000026,A000156,C00102,174697,Debit,IMPS,2025-05-31
T000027,A000017,C00011,199300,Credit,IMPS,2025-07-01
T000028,A000092,C00060,60512,Debit,IMPS,2025-12-18
T000029,A000047,C00031,66566,Debit,ATM,2025-09-04
T000030,A000030,C00019,806,Debit,NEFT,2025-05-06
T000031,A000163,C00107,171647,Debit,NEFT,2025-09-03
T000032,A000282,C00190,127218,Debit,POS,2025-11-23
T000033,A000050,C00033,22492,Debit,ATM,2025-06-05
T000034,A000139,C00092,101054,Credit,UPI,2025-10-17
T000035,A000156,C00102,85218,Credit,POS,2025-06-26
T000036,A000026,C00017,166079,Credit,UPI,2025-04-18
T000037,A000012,C00008,18974,Debit,NEFT,2025-11-08
T000038,A000229,C00154,26710,Credit,ATM,2025-04-06
T000039,A000149,C00098,118578,Debit,ATM,2025-04-17
T000040,A000294,C00199,105608,Credit,POS,2025-12-19
T000041,A000069,C00045,159579,Credit,POS,2025-11-22
T000042,A000175,C00115,77968,Credit,IMPS,2025-12-21
T000043,A000187,C00123,55963,Credit,IMPS,2025-12-10
T000044,A000180,C00118,30765,Credit,NEFT,2025-08-03
T000045,A000019,C00013,61487,Credit,IMPS,2025-09-10
T000046,A000220,C00146,146167,Credit,IMPS,2025-08-28
T000047,A000125,C00084,37959,Debit,ATM,2025-09-13
T000048,A000254,C00171,43253,Credit,ATM,2025-06-14
T000049,A000017,C00011,122773,Debit,NEFT,2025-08-27
T000050,A000226,C00152,98392,Debit,IMPS,2025-12-13
T000051,A000135,C00090,19864,Credit,NEFT,2025-11-22
T000052,A000164,C00108,169581,Credit,UPI,2025-11-09
T000053,A000057,C00037,12124,Debit,UPI,2025-09-19
T000054,A000064,C00042,127022,Debit,ATM,2025-01-18
T000055,A000040,C00026,56031,Debit,ATM,2025-06-23
T000056,A000197,C00129,24863,Debit,NEFT,2025-08-31
T000057,A000056,C00037,137866,Credit,NEFT,2025-08-11
T000058,A000035,C00022,89741,Debit,NEFT,2025-10-11
T000059,A000006,C00004,13920,Debit,NEFT,2025-07-01
T000060,A000213,C00140,129528,Debit,NEFT,2025-09-15
T000061,A000107,C00072,71323,Debit,ATM,2025-12-02
T000062,A000129,C00087,129125,Credit,NEFT,2025-04-09
T000063,A000212,C00140,83224,Debit,ATM,2025-10-28
T000064,A000001,C00001,166514,Credit,UPI,2025-07-24
T000065,A000181,C00118,189545,Debit,POS,2025-10-21
T000066,A000096,C00063,13128,Debit,NEFT,2025-02-25
T000067,A000024,C00015,1728,Credit,ATM,2025-09-01
T000068,A000075,C00048,159663,Credit,POS,2025-10-06
T000069,A000285,C00193,160463,Debit,POS,2025-03-17
T000070,A000058,C00038,164415,Credit,ATM,2025-01-21
T000071,A000205,C00134,174950,Debit,ATM,2025-02-21
T000072,A000115,C00077,174063,Credit,UPI,2025-08-04
T000073,A000116,C00077,26473,Credit,NEFT,2025-03-13
T000074,A000233,C00157,81193,Debit,NEFT,2025-04-05
T000075,A000027,C00017,110668,Credit,NEFT,2025-01-11
T000076,A000120,C00080,112998,Credit,IMPS,2025-10-18
T000077,A000142,C00094,136979,Credit,UPI,2025-08-04
T000078,A000100,C00067,150917,Debit,IMPS,2025-02-04
T000079,A000266,C00179,3804,Debit,POS,2025-10-31
T000080,A000104,C00070,172957,Credit,IMPS,2025-07-31
T000081,A000084,C00054,143966,Credit,UPI,2025-11-26
T000082,A000145,C00095,123882,Credit,ATM,2025-11-17
T000083,A000134,C00089,4171,Debit,UPI,2025-01-05
T000084,A000218,C00144,179343,Credit,UPI,2025-04-22
T000085,A000048,C00032,31910,Credit,IMPS,2025-01-10
T000086,A000039,C00025,72306,Credit,IMPS,2025-04-06
T000087,A000268,C00181,13243,Debit,ATM,2025-02-13
T000088,A000234,C00157,76945,Debit,IMPS,2025-12-09
T000089,A000065,C00043,66697,Credit,UPI,2025-01-06
T000090,A000091,C00059,15973,Credit,POS,2025-02-10
T000091,A000140,C00093,102060,Debit,NEFT,2025-11-04
T000092,A000057,C00037,43615,Debit,POS,2025-01-31
T000093,A000073,C00047,83010,Debit,POS,2025-08-13
T000094,A000296,C00200,123255,Credit,ATM,2025-03-01
T000095,A000208,C00137,95327,Credit,IMPS,2025-09-02
T000096,A000135,C00090,101218,Debit,NEFT,2025-10-18
T000097,A000028,C00018,87626,Debit,NEFT,2025-02-01
T000098,A000284,C00192,163113,Debit,POS,2025-01-08
T000099,A000263,C00177,39715,Debit,POS,2025-08-08
T000100,A000037,C00023,64616,Debit,IMPS,2025-12-17
T000101,A000164,C00108,98718,Credit,IMPS,2025-05-26
T000102,A000173,C00114,180600,Credit,NEFT,2025-05-15
T000103,A000133,C00089,70360,Debit,ATM,2025-10-28
T000104,A000248,C00166,11187,Debit,ATM,2025-10-20
T000105,A000108,C00072,38634,Debit,POS,2025-12-17
T000106,A000016,C00011,131165,Debit,POS,2025-02-13
T000107,A000235,C00158,141652,Debit,IMPS,2025-04-13
T000108,A000097,C00064,196756,Credit,NEFT,2025-11-07
T000109,A000213,C00140,15189,Debit,IMPS,2025-12-29
T000110,A000001,C00001,54255,Debit,POS,2025-01-05
T000111,A000151,C00099,101018,Debit,POS,2025-02-14
T000112,A000031,C00020,140649,Debit,UPI,2025-04-30
T000113,A000267,C00180,104482,Debit,POS,2025-06-14
T000114,A000178,C00117,125034,Credit,ATM,2025-04-19
T000115,A000257,C00173,50513,Credit,ATM,2025-12-25
T000116,A000046,C00030,76068,Debit,POS,2025-10-16
T000117,A000095,C00062,94181,Debit,POS,2025-03-18
T000118,A000161,C00105,64667,Credit,IMPS,2025-07-11
T000119,A000180,C00118,27918,Debit,IMPS,2025-02-11
T000120,A000210,C00138,41035,Debit,POS,2025-01-16
T000121,A000137,C00091,90519,Debit,POS,2025-11-07
T000122,A000257,C00173,5492,Credit,UPI,2025-04-15
T000123,A000219,C00145,148335,Debit,POS,2025-10-18
T000124,A000139,C00092,56089,Debit,NEFT,2025-08-07
T000125,A000046,C00030,25556,Debit,POS,2025-11-08
T000126,A000294,C00199,34415,Debit,UPI,2025-06-23
T000127,A000067,C00044,52788,Credit,IMPS,2025-02-12
T000128,A000020,C00013,7314,Credit,UPI,2025-10-13
T000129,A000192,C00127,96997,Debit,IMPS,2025-02-02
T000130,A000244,C00163,156879,Debit,UPI,2025-12-28
T000131,A000144,C00095,23681,Debit,NEFT,2025-10-17
T000132,A000251,C00168,61234,Credit,POS,2025-07-21
T000133,A000016,C00011,47985,Debit,ATM,2025-07-09
T000134,A000153,C00100,61737,Credit,ATM,2025-01-20
T000135,A000252,C00169,67172,Debit,UPI,2025-10-11
T000136,A000256,C00172,7383,Credit,NEFT,2025-09-20
T000137,A000166,C00109,186119,Debit,UPI,2025-02-21
T000138,A000219,C00145,38057,Debit,UPI,2025-04-12
T000139,A000178,C00117,177542,Debit,POS,2025-10-30
T000140,A000067,C00044,115778,Credit,IMPS,2025-06-15
T000141,A000211,C00139,97535,Debit,IMPS,2025-03-05
T000142,A000266,C00179,98399,Debit,IMPS,2025-03-28
T000143,A000257,C00173,115806,Credit,ATM,2025-12-13
T000144,A000046,C00030,3406,Debit,ATM,2025-01-19
T000145,A000074,C00047,41245,Credit,UPI,2025-11-13
T000146,A000042,C00027,97904,Credit,IMPS,2025-02-19
T000147,A000152,C00099,101046,Credit,UPI,2025-08-20
T000148,A000137,C00091,89171,Debit,ATM,2025-09-02
T000149,A000117,C00078,30406,Debit,ATM,2025-06-19
T000150,A000146,C00096,58204,Credit,ATM,2026-01-01
T000151,A000279,C00188,118425,Credit,IMPS,2025-03-18
T000152,A000100,C00067,69934,Debit,IMPS,2025-05-07
T000153,A000092,C00060,40912,Credit,NEFT,2025-10-20
T000154,A000184,C00120,77839,Debit,ATM,2025-05-14
T000155,A000153,C00100,128814,Credit,NEFT,2025-08-22
T000156,A000054,C00035,126567,Credit,ATM,2025-09-20
T000157,A000084,C00054,15003,Credit,POS,2025-09-02
T000158,A000115,C00077,75134,Credit,NEFT,2025-04-14
T000159,A000178,C00117,95593,Debit,NEFT,2025-05-03
T000160,A000110,C00074,62529,Credit,IMPS,2025-05-29
T000161,A000080,C00052,109056,Credit,UPI,2025-05-31
T000162,A000173,C00114,37940,Credit,IMPS,2025-09-17
T000163,A000165,C00109,89466,Credit,IMPS,2025-01-01
T000164,A000163,C00107,138141,Debit,ATM,2025-07-04
T000165,A000136,C00090,114198,Credit,IMPS,2025-04-22
T000166,A000221,C00147,72673,Credit,ATM,2025-04-03
T000167,A000124,C00083,136848,Credit,ATM,2025-04-11
T000168,A000289,C00195,157557,Credit,UPI,2025-11-08
T000169,A000211,C00139,191687,Debit,NEFT,2025-03-31
T000170,A000262,C00176,54110,Credit,POS,2025-12-09
T000171,A000270,C00182,185634,Credit,POS,2025-06-07
T000172,A000021,C00014,53129,Credit,UPI,2025-12-21
T000173,A000208,C00137,192176,Debit,UPI,2025-09-23
T000174,A000176,C00115,91232,Debit,NEFT,2025-11-24
T000175,A000076,C00049,129341,Credit,UPI,2025-07-29
T000176,A000062,C00040,125041,Credit,NEFT,2025-05-08
T000177,A000269,C00182,48872,Debit,UPI,2025-03-25
T000178,A000207,C00136,184192,Debit,POS,2025-11-01
T000179,A000271,C00183,1316,Debit,POS,2025-08-17
T000180,A000003,C00002,135268,Credit,UPI,2025-07-02
T000181,A000047,C00031,187425,Credit,NEFT,2025-12-31
T000182,A000244,C00163,100078,Credit,NEFT,2025-02-25
T000183,A000110,C00074,191713,Debit,IMPS,2025-09-20
T000184,A000225,C00151,6821,Credit,UPI,2025-05-05
T000185,A000206,C00135,23322,Credit,POS,2025-04-04
T000186,A000163,C00107,44108,Credit,NEFT,2025-05-09
T000187,A000143,C00094,145684,Credit,UPI,2025-02-19
T000188,A000185,C00121,183330,Credit,NEFT,2025-01-10
T000189,A000079,C00051,157228,Debit,POS,2025-05-03
T000190,A000261,C00176,184294,Debit,UPI,2025-06-29
T000191,A000123,C00082,24716,Credit,UPI,2025-05-20
T000192,A000196,C00129,32356,Debit,IMPS,2025-10-27
T000193,A000026,C00017,131370,Debit,UPI,2025-03-04
T000194,A000290,C00196,31961,Debit,ATM,2025-10-05
T000195,A000173,C00114,155239,Credit,ATM,2025-03-17
T000196,A000074,C00047,175415,Debit,IMPS,2025-03-26
T000197,A000020,C00013,4951,Debit,IMPS,2025-11-02
T000198,A000255,C00171,158117,Credit,IMPS,2025-01-27
T000199,A000262,C00176,95325,Debit,IMPS,2025-05-04
T000200,A000180,C00118,87939,Debit,POS,2025-06-14
T000201,A000063,C00041,105112,Credit,NEFT,2025-09-22
T000202,A000237,C00159,38537,Debit,ATM,2025-08-05
T000203,A000200,C00132,173932,Credit,NEFT,2025-02-25
T000204,A000182,C00119,139245,Credit,UPI,2025-06-16
T000205,A000052,C00034,113618,Credit,POS,2025-12-09
T000206,A000080,C00052,5559,Credit,ATM,2025-08-04
T000207,A000255,C00171,104184,Debit,UPI,2025-01-21
T000208,A000093,C00060,9110,Debit,POS,2025-05-20
T000209,A000191,C00126,164791,Credit,POS,2025-02-21
T000210,A000135,C00090,65788,Credit,POS,2025-01-07
T000211,A000288,C00194,113789,Credit,UPI,2025-05-28
T000212,A000060,C00039,29733,Debit,NEFT,2025-11-28
T000213,A000232,C00156,43872,Credit,UPI,2025-11-01
T000214,A000152,C00099,134784,Debit,UPI,2025-08-27
T000215,A000266,C00179,154830,Credit,IMPS,2025-03-05
T000216,A000160,C00104,134221,Credit,NEFT,2025-07-28
T000217,A000270,C00182,151447,Debit,NEFT,2025-05-05
T000218,A000029,C00019,193019,Credit,POS,2025-05-28
T000219,A000264,C00178,119150,Credit,IMPS,2025-04-14
T000220,A000114,C00076,143905,Debit,IMPS,2025-10-08
T000221,A000084,C00054,79713,Debit,IMPS,2025-06-08
T000222,A000069,C00045,8216,Credit,NEFT,2025-04-24
T000223,A000210,C00138,49593,Debit,POS,2025-07-22
T000224,A000168,C00111,3213,Debit,ATM,2025-05-03
T000225,A000105,C00070,85022,Debit,IMPS,2025-05-19
T000226,A000182,C00119,74763,Credit,NEFT,2025-01-30
T000227,A000190,C00125,5811,Credit,POS,2025-02-04
T000228,A000107,C00072,158939,Debit,IMPS,2025-12-03
T000229,A000106,C00071,16357,Debit,IMPS,2025-07-01
T000230,A000098,C00065,192884,Credit,POS,2025-04-26
T000231,A000266,C00179,177744,Credit,IMPS,2025-06-22
T000232,A000292,C00197,175275,Debit,ATM,2025-12-12
T000233,A000262,C00176,53182,Debit,POS,2025-02-18
T000234,A000070,C00045,193763,Debit,NEFT,2025-11-19
T000235,A000279,C00188,185842,Credit,IMPS,2025-02-22
T000236,A000065,C00043,1233,Debit,POS,2025-10-27
T000237,A000136,C00090,30888,Debit,IMPS,2025-10-20
T000238,A000205,C00134,39325,Debit,NEFT,2025-11-15
T000239,A000271,C00183,159308,Credit,IMPS,2025-08-20
T000240,A000292,C00197,181672,Debit,NEFT,2025-06-30
T000241,A000100,C00067,76886,Debit,IMPS,2025-09-27
T000242,A000222,C00148,145682,Debit,NEFT,2025-01-04
T000243,A000079,C00051,195601,Debit,IMPS,2025-08-16
T000244,A000191,C00126,78749,Credit,POS,2025-06-05
T000245,A000071,C00046,38108,Debit,POS,2025-07-13
T000246,A000074,C00047,152558,Credit,UPI,2025-06-19
T000247,A000082,C00053,84999,Credit,NEFT,2025-04-15
T000248,A000027,C00017,111890,Credit,UPI,2025-01-25
T000249,A000250,C00168,67352,Debit,NEFT,2025-10-02
T000250,A000014,C00009,81998,Debit,POS,2025-09-22
T000251,A000147,C00097,190708,Debit,IMPS,2025-08-26
T000252,A000123,C00082,93872,Credit,POS,2025-12-13
T000253,A000260,C00175,92140,Debit,UPI,2025-12-13
T000254,A000175,C00115,17996,Credit,UPI,2025-07-29
T000255,A000104,C00070,98250,Debit,POS,2025-10-21
T000256,A000108,C00072,40527,Credit,IMPS,2025-09-07
T000257,A000150,C00098,105387,Debit,POS,2025-10-28
T000258,A000106,C00071,90088,Credit,ATM,2025-07-05
T000259,A000293,C00198,83482,Debit,UPI,2025-06-09
T000260,A000254,C00171,134473,Credit,UPI,2025-12-02
T000261,A000278,C00188,77411,Debit,POS,2025-08-04
T000262,A000042,C00027,165539,Credit,POS,2025-05-29
T000263,A000174,C00114,134214,Credit,POS,2025-04-07
T000264,A000243,C00162,108171,Credit,UPI,2025-11-19
T000265,A000222,C00148,148198,Credit,NEFT,2025-10-19
T000266,A000153,C00100,165596,Credit,IMPS,2025-01-06
T000267,A000038,C00024,828,Debit,POS,2025-01-03
T000268,A000206,C00135,79911,Debit,UPI,2025-10-28
T000269,A000243,C00162,4147,Credit,ATM,2025-03-31
T000270,A000224,C00150,130611,Debit,POS,2025-09-21
T000271,A000067,C00044,37774,Credit,IMPS,2025-11-05
T000272,A000199,C00131,31950,Credit,ATM,2025-09-23
T000273,A000055,C00036,199197,Credit,UPI,2025-02-21
T000274,A000210,C00138,20057,Credit,POS,2025-09-09
T000275,A000286,C00193,122656,Debit,UPI,2025-11-29
T000276,A000096,C00063,3374,Debit,ATM,2025-05-02
T000277,A000006,C00004,92858,Debit,ATM,2025-01-17
T000278,A000178,C00117,69990,Credit,POS,2025-02-02
T000279,A000255,C00171,91560,Credit,IMPS,2025-11-16
T000280,A000248,C00166,101197,Credit,UPI,2025-04-23
T000281,A000107,C00072,103907,Credit,IMPS,2025-01-28
T000282,A000039,C00025,162675,Credit,ATM,2025-04-25
T000283,A000064,C00042,11628,Credit,POS,2025-03-30
T000284,A000075,C00048,82621,Credit,IMPS,2025-06-05
T000285,A000285,C00193,109774,Debit,IMPS,2025-02-04
T000286,A000246,C00164,63782,Debit,POS,2025-04-24
T000287,A000117,C00078,108495,Debit,IMPS,2025-12-31
T000288,A000244,C00163,127079,Credit,ATM,2025-02-14
T000289,A000117,C00078,45573,Credit,NEFT,2025-07-14
T000290,A000157,C00102,49003,Credit,NEFT,2025-07-22
T000291,A000076,C00049,147302,Debit,UPI,2025-06-21
T000292,A000272,C00184,140019,Debit,NEFT,2025-07-26
T000293,A000258,C00173,170829,Credit,UPI,2025-08-05
T000294,A000111,C00074,92177,Credit,IMPS,2025-04-08
T000295,A000290,C00196,122524,Debit,NEFT,2025-05-02
T000296,A000084,C00054,114283,Credit,NEFT,2025-12-07
T000297,A000049,C00032,6728,Debit,ATM,2025-05-04
T000298,A000107,C00072,185139,Credit,UPI,2025-04-11
T000299,A000130,C00087,70791,Credit,POS,2025-08-15
T000300,A000049,C00032,122535,Credit,ATM,2025-07-08
T000301,A000049,C00032,92615,Credit,IMPS,2025-07-12
T000302,A000172,C00113,165078,Credit,NEFT,2025-09-01
T000303,A000096,C00063,132438,Credit,ATM,2025-08-20
T000304,A000088,C00057,177126,Credit,NEFT,2025-11-02
T000305,A000202,C00133,115534,Debit,POS,2025-05-07
T000306,A000021,C00014,106045,Credit,ATM,2025-03-04
T000307,A000012,C00008,177795,Credit,POS,2025-05-19
T000308,A000054,C00035,193021,Debit,UPI,2025-12-03
T000309,A000080,C00052,188379,Credit,NEFT,2025-01-08
T000310,A000143,C00094,102319,Credit,ATM,2025-04-29
T000311,A000258,C00173,84257,Credit,UPI,2025-02-04
T000312,A000268,C00181,147422,Debit,POS,2025-06-02
T000313,A000233,C00157,50647,Credit,NEFT,2025-02-15
T000314,A000196,C00129,59455,Debit,ATM,2025-07-24
T000315,A000061,C00039,74120,Debit,IMPS,2025-08-26
T000316,A000121,C00081,164735,Credit,NEFT,2025-04-01
T000317,A000024,C00015,7852,Debit,NEFT,2025-07-31
T000318,A000110,C00074,6722,Debit,ATM,2025-07-25
T000319,A000250,C00168,92404,Credit,ATM,2025-05-30
T000320,A000153,C00100,30307,Debit,POS,2025-04-23
T000321,A000234,C00157,186900,Credit,IMPS,2025-01-21
T000322,A000294,C00199,159622,Credit,IMPS,2025-04-12
T000323,A000250,C00168,198532,Debit,ATM,2025-07-14
T000324,A000060,C00039,193647,Credit,POS,2025-06-09
T000325,A000110,C00074,165108,Credit,POS,2025-04-27
T000326,A000102,C00069,149565,Debit,POS,2025-05-11
T000327,A000294,C00199,114114,Debit,UPI,2025-02-27
T000328,A000230,C00154,171914,Debit,UPI,2025-10-27
T000329,A000009,C00006,159322,Credit,ATM,2025-12-15
T000330,A000281,C00189,29247,Credit,NEFT,2025-04-18
T000331,A000251,C00168,90713,Credit,IMPS,2025-12-22
T000332,A000191,C00126,195117,Debit,POS,2025-04-24
T000333,A000081,C00053,73805,Credit,NEFT,2025-08-06
T000334,A000283,C00191,116113,Debit,POS,2025-12-19
T000335,A000239,C00160,164752,Debit,POS,2025-01-28
T000336,A000055,C00036,177463,Credit,IMPS,2025-12-11
T000337,A000083,C00054,134286,Credit,IMPS,2025-04-07
T000338,A000294,C00199,11553,Debit,ATM,2025-10-07
T000339,A000187,C00123,43011,Credit,POS,2025-05-14
T000340,A000148,C00097,65554,Credit,ATM,2025-07-03
T000341,A000224,C00150,91124,Debit,UPI,2025-04-14
T000342,A000151,C00099,166956,Debit,ATM,2025-03-11
T000343,A000153,C00100,179991,Debit,IMPS,2025-05-02
T000344,A000142,C00094,185074,Credit,UPI,2025-09-21
T000345,A000164,C00108,181379,Debit,ATM,2025-11-25
T000346,A000162,C00106,92233,Debit,ATM,2025-12-29
T000347,A000006,C00004,37295,Credit,NEFT,2025-11-19
T000348,A000252,C00169,31025,Debit,ATM,2025-12-13
T000349,A000200,C00132,174827,Credit,POS,2025-08-25
T000350,A000048,C00032,106556,Credit,UPI,2025-12-20
T000351,A000231,C00155,75948,Credit,NEFT,2025-09-07
T000352,A000084,C00054,54215,Credit,UPI,2025-05-24
T000353,A000021,C00014,79766,Credit,UPI,2025-12-26
T000354,A000174,C00114,81080,Debit,UPI,2025-03-24
T000355,A000044,C00028,85158,Debit,IMPS,2025-10-19
T000356,A000280,C00189,95251,Debit,ATM,2025-10-13
T000357,A000243,C00162,18926,Credit,UPI,2025-08-28
T000358,A000091,C00059,196824,Debit,UPI,2025-06-19
T000359,A000030,C00019,193823,Debit,UPI,2025-11-27
T000360,A000195,C00128,128255,Debit,IMPS,2025-04-08
T000361,A000064,C00042,142463,Debit,UPI,2025-07-03
T000362,A000241,C00161,23946,Debit,POS,2025-12-01
T000363,A000238,C00160,183433,Debit,ATM,2025-02-10
T000364,A000025,C00016,36446,Credit,UPI,2025-07-22
T000365,A000288,C00194,38146,Debit,NEFT,2025-04-06
T000366,A000012,C00008,167374,Credit,UPI,2025-06-08
T000367,A000277,C00187,194695,Debit,IMPS,2025-04-05
T000368,A000256,C00172,169787,Debit,NEFT,2025-04-28
T000369,A000243,C00162,96706,Credit,POS,2025-07-09
T000370,A000191,C00126,66566,Credit,UPI,2025-01-22
T000371,A000241,C00161,28211,Debit,UPI,2025-04-21
T000372,A000157,C00102,129698,Debit,IMPS,2025-03-22
T000373,A000046,C00030,78631,Credit,ATM,2025-12-19
T000374,A000268,C00181,59737,Credit,ATM,2025-08-15
T000375,A000126,C00085,167021,Debit,UPI,2025-01-21
T000376,A000154,C00101,115312,Debit,ATM,2025-04-22
T000377,A000236,C00159,189617,Debit,UPI,2025-01-17
T000378,A000209,C00138,160201,Debit,ATM,2025-05-26
T000379,A000043,C00028,18972,Credit,POS,2025-12-30
T000380,A000084,C00054,110517,Debit,UPI,2025-08-13
T000381,A000231,C00155,2406,Credit,ATM,2025-07-13
T000382,A000197,C00129,77626,Credit,IMPS,2025-10-16
T000383,A000002,C00001,177115,Debit,POS,2025-04-11
T000384,A000086,C00055,123003,Credit,POS,2025-06-15
T000385,A000025,C00016,135570,Debit,IMPS,2025-10-01
T000386,A000034,C00022,164129,Credit,IMPS,2025-11-08
T000387,A000187,C00123,162595,Credit,UPI,2025-12-13
T000388,A000085,C00055,87011,Debit,POS,2025-10-20
T000389,A000079,C00051,110499,Debit,IMPS,2025-12-03
T000390,A000012,C00008,169800,Credit,NEFT,2025-06-25
T000391,A000236,C00159,139142,Credit,ATM,2025-04-24
T000392,A000279,C00188,178012,Debit,UPI,2025-03-17
T000393,A000120,C00080,173241,Debit,POS,2025-10-25
T000394,A000247,C00165,109250,Debit,POS,2025-05-04
T000395,A000201,C00132,148162,Debit,IMPS,2025-05-14
T000396,A000046,C00030,30050,Credit,ATM,2025-04-14
T000397,A000043,C00028,143784,Credit,ATM,2025-05-10
T000398,A000027,C00017,170408,Credit,ATM,2025-09-29
T000399,A000294,C00199,175799,Debit,IMPS,2025-04-27
T000400,A000028,C00018,145333,Debit,ATM,2025-10-05
T000401,A000257,C00173,150231,Credit,POS,2025-10-29
T000402,A000009,C00006,148699,Credit,IMPS,2025-12-14
T000403,A000186,C00122,19360,Debit,ATM,2025-09-15
T000404,A000176,C00115,144426,Credit,POS,2025-02-22
T000405,A000161,C00105,120682,Debit,POS,2025-03-29
T000406,A000042,C00027,50338,Debit,UPI,2025-03-12
T000407,A000170,C00112,97975,Credit,IMPS,2025-05-02
T000408,A000206,C00135,12478,Debit,UPI,2025-01-08
T000409,A000066,C00043,184107,Credit,IMPS,2025-06-03
T000410,A000208,C00137,31698,Credit,IMPS,2025-02-14
T000411,A000118,C00078,162936,Credit,POS,2025-02-28
T000412,A000235,C00158,190996,Debit,ATM,2025-07-07
T000413,A000163,C00107,195511,Debit,UPI,2025-05-11
T000414,A000141,C00093,32270,Credit,NEFT,2025-09-20
T000415,A000218,C00144,193365,Debit,IMPS,2025-01-23
T000416,A000184,C00120,158381,Debit,UPI,2025-07-02
T000417,A000026,C00017,143973,Debit,POS,2025-02-27
T000418,A000089,C00057,9051,Credit,NEFT,2025-07-01
T000419,A000226,C00152,50732,Debit,UPI,2025-10-25
T000420,A000027,C00017,115411,Credit,UPI,2025-09-07
T000421,A000246,C00164,29045,Credit,NEFT,2025-04-05
T000422,A000125,C00084,39485,Debit,IMPS,2025-03-15
T000423,A000226,C00152,154323,Debit,POS,2025-12-20
T000424,A000042,C00027,199707,Debit,IMPS,2025-01-08
T000425,A000260,C00175,6590,Debit,ATM,2025-09-07
T000426,A000195,C00128,131637,Debit,UPI,2025-01-19
T000427,A000114,C00076,19656,Credit,POS,2025-11-27
T000428,A000219,C00145,178230,Debit,IMPS,2025-03-23
T000429,A000091,C00059,181744,Debit,IMPS,2025-04-28
T000430,A000211,C00139,160229,Credit,NEFT,2025-06-18
T000431,A000143,C00094,138580,Credit,NEFT,2025-03-09
T000432,A000080,C00052,154561,Credit,ATM,2025-03-28
T000433,A000206,C00135,94730,Debit,NEFT,2025-10-23
T000434,A000126,C00085,122889,Debit,NEFT,2025-06-10
T000435,A000220,C00146,1669,Debit,POS,2025-09-05
T000436,A000211,C00139,87598,Credit,UPI,2025-05-08
T000437,A000030,C00019,120530,Credit,ATM,2025-12-10
T000438,A000137,C00091,37757,Debit,IMPS,2025-05-20
T000439,A000005,C00003,16741,Debit,NEFT,2025-10-19
T000440,A000091,C00059,150446,Credit,UPI,2025-10-15
T000441,A000093,C00060,25069,Credit,IMPS,2025-11-21
T000442,A000066,C00043,149986,Credit,NEFT,2025-05-25
T000443,A000235,C00158,62500,Credit,UPI,2025-06-05
T000444,A000129,C00087,89622,Debit,POS,2025-11-22
T000445,A000078,C00050,64378,Debit,POS,2025-07-27
T000446,A000174,C00114,87768,Credit,NEFT,2025-12-10
T000447,A000063,C00041,84824,Debit,POS,2025-07-08
T000448,A000049,C00032,63911,Credit,NEFT,2025-03-19
T000449,A000115,C00077,35651,Credit,UPI,2025-12-10
T000450,A000022,C00014,118884,Debit,IMPS,2025-07-22
T000451,A000218,C00144,149188,Debit,ATM,2025-10-28
T000452,A000031,C00020,17486,Credit,NEFT,2025-06-07
T000453,A000218,C00144,66191,Debit,UPI,2025-04-08
T000454,A000146,C00096,153020,Credit,POS,2025-04-02
T000455,A000244,C00163,79853,Debit,IMPS,2025-07-02
T000456,A000085,C00055,181052,Debit,UPI,2025-09-06
T000457,A000098,C00065,83791,Credit,NEFT,2025-05-12
T000458,A000037,C00023,143357,Credit,ATM,2025-11-17
T000459,A000141,C00093,70367,Credit,UPI,2025-04-22
T000460,A000087,C00056,12602,Debit,IMPS,2025-04-13
T000461,A000002,C00001,158147,Debit,POS,2025-11-28
T000462,A000061,C00039,26201,Credit,ATM,2025-01-30
T000463,A000156,C00102,33920,Credit,UPI,2025-02-07
T000464,A000141,C00093,150959,Debit,ATM,2025-01-03
T000465,A000160,C00104,49429,Debit,POS,2025-11-25
T000466,A000270,C00182,4033,Debit,UPI,2025-04-19
T000467,A000045,C00029,84391,Debit,UPI,2025-11-29
T000468,A000068,C00044,127586,Debit,POS,2025-12-14
T000469,A000198,C00130,88645,Credit,UPI,2025-08-01
T000470,A000095,C00062,12018,Credit,POS,2025-06-21
T000471,A000065,C00043,129693,Debit,NEFT,2025-08-26
T000472,A000090,C00058,3665,Credit,NEFT,2025-10-16
T000473,A000134,C00089,171566,Debit,UPI,2025-08-01
T000474,A000217,C00143,161047,Debit,ATM,2025-02-17
T000475,A000296,C00200,4976,Credit,ATM,2025-03-15
T000476,A000097,C00064,138900,Credit,NEFT,2025-07-05
T000477,A000225,C00151,111047,Debit,POS,2025-12-15
T000478,A000118,C00078,154368,Credit,POS,2025-10-22
T000479,A000094,C00061,86827,Credit,POS,2025-05-13
T000480,A000229,C00154,186596,Debit,UPI,2025-11-28
T000481,A000163,C00107,81168,Debit,POS,2025-05-23
T000482,A000142,C00094,94827,Debit,ATM,2025-05-10
T000483,A000083,C00054,2469,Debit,UPI,2025-12-02
T000484,A000265,C00179,95126,Credit,ATM,2025-07-25
T000485,A000187,C00123,198435,Credit,UPI,2025-11-16
T000486,A000102,C00069,35264,Credit,UPI,2025-10-06
T000487,A000280,C00189,131657,Credit,POS,2025-04-04
T000488,A000094,C00061,68024,Debit,ATM,2025-04-01
T000489,A000192,C00127,193495,Credit,POS,2025-01-15
T000490,A000238,C00160,92067,Credit,IMPS,2025-09-13
T000491,A000045,C00029,55972,Debit,IMPS,2025-08-24
T000492,A000028,C00018,55698,Debit,UPI,2025-02-25
T000493,A000271,C00183,173122,Credit,UPI,2025-11-27
T000494,A000135,C00090,105443,Debit,UPI,2025-04-27
T000495,A000273,C00185,148001,Debit,IMPS,2025-07-12
T000496,A000269,C00182,172341,Credit,UPI,2025-05-09
T000497,A000110,C00074,5543,Debit,IMPS,2025-05-04
T000498,A000243,C00162,60755,Debit,ATM,2025-06-16
T000499,A000021,C00014,199111,Debit,NEFT,2025-06-02
T000500,A000070,C00045,130805,Credit,POS,2025-03-22
T000501,A000162,C00106,125239,Debit,ATM,2025-06-03
T000502,A000084,C00054,74172,Credit,NEFT,2025-01-03
T000503,A000207,C00136,127384,Credit,ATM,2025-06-13
T000504,A000161,C00105,179084,Debit,ATM,2025-10-24
T000505,A000251,C00168,13765,Credit,NEFT,2025-01-24
T000506,A000212,C00140,115201,Credit,IMPS,2025-03-13
T000507,A000284,C00192,78114,Credit,UPI,2025-03-19
T000508,A000222,C00148,2570,Credit,NEFT,2025-03-19
T000509,A000072,C00046,131861,Debit,UPI,2025-03-28
T000510,A000037,C00023,121860,Debit,UPI,2025-08-01
T000511,A000267,C00180,89108,Debit,NEFT,2025-01-17
T000512,A000047,C00031,153526,Credit,ATM,2025-11-18
T000513,A000259,C00174,180837,Credit,UPI,2025-03-11
T000514,A000126,C00085,132425,Credit,POS,2025-08-09
T000515,A000239,C00160,183187,Credit,UPI,2025-01-25
T000516,A000276,C00187,83066,Credit,UPI,2025-03-03
T000517,A000246,C00164,127857,Credit,POS,2025-08-08
T000518,A000210,C00138,773,Credit,ATM,2025-12-17
T000519,A000004,C00002,141772,Credit,POS,2025-09-14
T000520,A000199,C00131,29555,Debit,IMPS,2025-02-09
T000521,A000172,C00113,91704,Credit,ATM,2025-02-07
T000522,A000254,C00171,71658,Credit,UPI,2025-05-16
T000523,A000023,C00015,70617,Credit,UPI,2025-04-11
T000524,A000158,C00103,133466,Credit,IMPS,2025-10-12
T000525,A000024,C00015,95156,Debit,UPI,2025-06-16
T000526,A000186,C00122,180492,Credit,IMPS,2025-10-06
T000527,A000256,C00172,74060,Debit,IMPS,2025-05-18
T000528,A000158,C00103,104769,Debit,NEFT,2025-10-04
T000529,A000140,C00093,109977,Debit,ATM,2025-07-18
T000530,A000054,C00035,199580,Debit,IMPS,2025-03-15
T000531,A000185,C00121,166556,Credit,ATM,2025-11-08
T000532,A000250,C00168,131447,Debit,POS,2025-07-13
T000533,A000147,C00097,63214,Credit,UPI,2025-02-14
T000534,A000106,C00071,162847,Credit,UPI,2025-07-27
T000535,A000108,C00072,182077,Debit,IMPS,2025-10-09
T000536,A000282,C00190,175215,Debit,IMPS,2025-10-23
T000537,A000102,C00069,344,Debit,IMPS,2025-09-19
T000538,A000230,C00154,89847,Debit,ATM,2025-11-19
T000539,A000261,C00176,194953,Debit,NEFT,2025-12-31
T000540,A000273,C00185,16908,Debit,POS,2025-05-17
T000541,A000028,C00018,160745,Debit,UPI,2025-11-18
T000542,A000120,C00080,142461,Credit,POS,2025-05-16
T000543,A000214,C00141,68854,Debit,NEFT,2025-09-25
T000544,A000119,C00079,154631,Debit,POS,2025-04-24
T000545,A000294,C00199,37347,Credit,POS,2025-07-06
T000546,A000083,C00054,137445,Credit,POS,2025-03-28
T000547,A000121,C00081,95990,Credit,ATM,2025-03-20
T000548,A000146,C00096,173590,Debit,ATM,2025-11-24
T000549,A000274,C00186,171041,Credit,NEFT,2025-07-15
T000550,A000256,C00172,94933,Debit,UPI,2025-07-29
T000551,A000281,C00189,40429,Debit,IMPS,2025-02-22
T000552,A000240,C00161,95723,Debit,POS,2025-09-24
T000553,A000248,C00166,79372,Debit,UPI,2025-05-21
T000554,A000270,C00182,103790,Debit,IMPS,2025-12-22
T000555,A000189,C00124,29407,Debit,IMPS,2025-03-31
T000556,A000142,C00094,199015,Credit,UPI,2025-12-15
T000557,A000156,C00102,34315,Debit,IMPS,2025-09-24
T000558,A000173,C00114,173184,Credit,POS,2025-07-09
T000559,A000242,C00162,137302,Debit,IMPS,2025-05-10
T000560,A000065,C00043,4757,Credit,UPI,2025-10-20
T000561,A000221,C00147,68170,Credit,POS,2025-04-02
T000562,A000152,C00099,80457,Debit,NEFT,2025-05-11
T000563,A000175,C00115,63494,Debit,IMPS,2025-02-16
T000564,A000179,C00117,137771,Debit,UPI,2025-04-14
T000565,A000063,C00041,33733,Debit,NEFT,2025-11-13
T000566,A000054,C00035,97517,Credit,IMPS,2025-07-12
T000567,A000028,C00018,96352,Credit,NEFT,2025-07-28
T000568,A000154,C00101,113075,Debit,NEFT,2025-05-03
T000569,A000213,C00140,101119,Credit,POS,2025-04-09
T000570,A000065,C00043,186719,Debit,UPI,2025-12-07
T000571,A000028,C00018,53349,Debit,UPI,2025-02-10
T000572,A000120,C00080,198290,Debit,IMPS,2025-07-21
T000573,A000284,C00192,137939,Debit,IMPS,2025-11-26
T000574,A000248,C00166,198552,Credit,UPI,2025-10-31
T000575,A000067,C00044,147815,Debit,IMPS,2025-12-25
T000576,A000257,C00173,114426,Debit,IMPS,2025-04-01
T000577,A000188,C00124,17164,Debit,IMPS,2025-09-09
T000578,A000004,C00002,35563,Credit,ATM,2025-04-13
T000579,A000249,C00167,105397,Credit,NEFT,2025-10-11
T000580,A000290,C00196,86647,Debit,IMPS,2025-03-02
T000581,A000139,C00092,23706,Credit,UPI,2025-10-20
T000582,A000064,C00042,4156,Credit,IMPS,2025-02-15
T000583,A000011,C00007,197576,Credit,POS,2025-08-21
T000584,A000273,C00185,14519,Credit,NEFT,2025-09-05
T000585,A000221,C00147,14459,Debit,POS,2025-03-13
T000586,A000077,C00050,106779,Credit,ATM,2025-06-14
T000587,A000008,C00005,87744,Credit,POS,2025-01-04
T000588,A000053,C00035,48897,Debit,POS,2025-05-15
T000589,A000239,C00160,22805,Debit,IMPS,2025-05-11
T000590,A000176,C00115,174151,Debit,POS,2025-07-22
T000591,A000294,C00199,134050,Debit,UPI,2025-06-07
T000592,A000230,C00154,79920,Credit,IMPS,2025-08-12
T000593,A000153,C00100,141552,Debit,NEFT,2025-04-14
T000594,A000045,C00029,34637,Credit,ATM,2025-10-02
T000595,A000064,C00042,171084,Debit,IMPS,2025-12-03
T000596,A000095,C00062,128285,Credit,NEFT,2025-06-24
T000597,A000281,C00189,52598,Debit,POS,2025-12-06
T000598,A000038,C00024,13511,Debit,UPI,2025-09-30
T000599,A000232,C00156,17831,Debit,POS,2025-06-15
T000600,A000090,C00058,9357,Debit,ATM,2025-08-13
T000601,A000075,C00048,76523,Credit,ATM,2025-10-31
T000602,A000096,C00063,160198,Debit,IMPS,2025-08-16
T000603,A000271,C00183,53540,Credit,UPI,2025-04-03
T000604,A000130,C00087,113797,Credit,UPI,2025-03-12
T000605,A000250,C00168,18955,Debit,ATM,2025-01-08
T000606,A000233,C00157,189178,Credit,IMPS,2025-04-24
T000607,A000221,C00147,176746,Debit,ATM,2025-10-01
T000608,A000163,C00107,41769,Credit,ATM,2025-09-22
T000609,A000242,C00162,26540,Debit,UPI,2025-04-14
T000610,A000179,C00117,24094,Credit,IMPS,2025-04-25
T000611,A000167,C00110,172821,Debit,IMPS,2025-12-18
T000612,A000182,C00119,111400,Credit,UPI,2025-12-23
T000613,A000053,C00035,35068,Credit,ATM,2025-08-17
T000614,A000138,C00091,77074,Credit,POS,2025-06-13
T000615,A000277,C00187,185420,Credit,NEFT,2025-05-13
T000616,A000203,C00133,85137,Credit,ATM,2025-12-07
T000617,A000159,C00104,60607,Debit,UPI,2025-06-17
T000618,A000028,C00018,99708,Credit,NEFT,2025-04-25
T000619,A000028,C00018,171759,Credit,ATM,2025-08-26
T000620,A000231,C00155,39138,Credit,IMPS,2025-06-20
T000621,A000290,C00196,178071,Debit,UPI,2025-01-20
T000622,A000117,C00078,92326,Credit,ATM,2025-12-02
T000623,A000244,C00163,137540,Credit,NEFT,2025-09-08
T000624,A000106,C00071,91312,Credit,IMPS,2025-02-17
T000625,A000130,C00087,52662,Debit,NEFT,2025-06-05
T000626,A000287,C00194,156803,Credit,ATM,2025-03-13
T000627,A000245,C00163,123427,Debit,ATM,2025-10-24
T000628,A000078,C00050,78707,Credit,POS,2025-11-03
T000629,A000134,C00089,26489,Credit,NEFT,2025-04-10
T000630,A000129,C00087,40002,Debit,UPI,2025-03-30
T000631,A000270,C00182,87429,Debit,IMPS,2025-09-04
T000632,A000046,C00030,64953,Debit,NEFT,2025-04-02
T000633,A000278,C00188,28843,Debit,UPI,2025-10-14
T000634,A000025,C00016,119370,Credit,POS,2025-02-27
T000635,A000270,C00182,42402,Debit,IMPS,2025-01-19
T000636,A000035,C00022,8941,Credit,POS,2025-10-24
T000637,A000200,C00132,25587,Debit,ATM,2025-08-01
T000638,A000223,C00149,151616,Debit,UPI,2025-07-11
T000639,A000066,C00043,190842,Credit,NEFT,2025-03-28
T000640,A000183,C00120,173834,Credit,NEFT,2025-01-03
T000641,A000151,C00099,169120,Debit,NEFT,2025-03-18
T000642,A000017,C00011,68593,Credit,UPI,2025-05-03
T000643,A000212,C00140,30789,Credit,IMPS,2025-05-19
T000644,A000260,C00175,140605,Credit,NEFT,2025-08-28
T000645,A000024,C00015,64579,Credit,POS,2025-10-02
T000646,A000005,C00003,11126,Debit,NEFT,2025-04-12
T000647,A000142,C00094,74413,Debit,POS,2025-04-15
T000648,A000279,C00188,33422,Credit,POS,2025-09-14
T000649,A000208,C00137,62921,Credit,UPI,2025-02-24
T000650,A000106,C00071,14167,Debit,POS,2025-04-18
T000651,A000203,C00133,180706,Credit,UPI,2025-03-29
T000652,A000150,C00098,40380,Debit,UPI,2025-08-06
T000653,A000140,C00093,103192,Credit,NEFT,2025-10-19
T000654,A000222,C00148,31754,Credit,POS,2025-04-22
T000655,A000281,C00189,61420,Credit,POS,2025-09-20
T000656,A000172,C00113,186429,Credit,ATM,2025-02-07
T000657,A000239,C00160,157170,Debit,UPI,2025-01-22
T000658,A000137,C00091,56434,Credit,NEFT,2025-06-25
T000659,A000131,C00088,22120,Debit,POS,2025-04-04
T000660,A000120,C00080,2922,Debit,IMPS,2025-07-28
T000661,A000068,C00044,8551,Credit,ATM,2025-03-17
T000662,A000160,C00104,192449,Credit,ATM,2025-06-26
T000663,A000108,C00072,36897,Credit,ATM,2025-04-23
T000664,A000002,C00001,179940,Debit,UPI,2025-01-02
T000665,A000293,C00198,125857,Credit,IMPS,2025-09-27
T000666,A000278,C00188,86607,Credit,POS,2025-11-22
T000667,A000170,C00112,16521,Credit,UPI,2025-07-07
T000668,A000205,C00134,107933,Credit,NEFT,2025-10-26
T000669,A000165,C00109,42626,Debit,IMPS,2025-03-11
T000670,A000188,C00124,68075,Debit,UPI,2025-08-27
T000671,A000286,C00193,178383,Credit,IMPS,2025-07-17
T000672,A000234,C00157,167809,Debit,POS,2025-09-30
T000673,A000003,C00002,171856,Credit,UPI,2025-05-10
T000674,A000036,C00023,196895,Credit,ATM,2025-04-12
T000675,A000148,C00097,154142,Debit,POS,2025-05-02
T000676,A000150,C00098,129237,Credit,IMPS,2025-12-06
T000677,A000033,C00021,103598,Debit,IMPS,2025-07-27
T000678,A000177,C00116,22932,Credit,NEFT,2025-12-06
T000679,A000205,C00134,156040,Debit,NEFT,2025-01-03
T000680,A000008,C00005,78866,Debit,POS,2025-01-09
T000681,A000020,C00013,29092,Debit,IMPS,2025-07-30
T000682,A000195,C00128,158633,Debit,IMPS,2025-03-16
T000683,A000212,C00140,88027,Credit,UPI,2025-07-01
T000684,A000045,C00029,103350,Debit,POS,2025-01-17
T000685,A000268,C00181,76680,Debit,UPI,2025-05-19
T000686,A000150,C00098,49196,Debit,IMPS,2025-12-05
T000687,A000246,C00164,141179,Credit,UPI,2025-04-21
T000688,A000115,C00077,179131,Credit,IMPS,2025-04-05
T000689,A000172,C00113,102249,Debit,NEFT,2025-03-19
T000690,A000175,C00115,95094,Credit,ATM,2025-06-29
T000691,A000197,C00129,160071,Debit,NEFT,2025-09-13
T000692,A000085,C00055,83591,Credit,ATM,2025-07-20
T000693,A000161,C00105,138300,Credit,UPI,2025-03-31
T000694,A000197,C00129,27295,Credit,IMPS,2025-10-17
T000695,A000030,C00019,172367,Debit,NEFT,2025-12-13
T000696,A000029,C00019,26552,Debit,ATM,2025-05-10
T000697,A000279,C00188,174768,Debit,UPI,2025-09-21
T000698,A000024,C00015,163682,Debit,IMPS,2025-05-17
T000699,A000056,C00037,77651,Debit,NEFT,2025-12-05
T000700,A000165,C00109,186034,Debit,POS,2025-12-13
T000701,A000226,C00152,15746,Debit,IMPS,2025-07-06
T000702,A000082,C00053,181394,Credit,UPI,2025-12-16
T000703,A000213,C00140,31309,Debit,IMPS,2025-06-09
T000704,A000225,C00151,196989,Credit,POS,2025-08-23
T000705,A000154,C00101,9303,Debit,IMPS,2025-03-12
T000706,A000296,C00200,1953,Debit,ATM,2025-04-07
T000707,A000061,C00039,154122,Credit,IMPS,2025-03-30
T000708,A000123,C00082,196019,Debit,ATM,2025-05-30
T000709,A000263,C00177,142781,Credit,IMPS,2025-10-08
T000710,A000116,C00077,106940,Credit,IMPS,2025-09-10
T000711,A000292,C00197,186143,Debit,NEFT,2025-06-15
T000712,A000281,C00189,42534,Debit,UPI,2025-09-30
T000713,A000174,C00114,91128,Credit,ATM,2025-09-22
T000714,A000258,C00173,16260,Credit,NEFT,2025-09-24
T000715,A000201,C00132,44842,Debit,UPI,2025-10-28
T000716,A000179,C00117,78122,Debit,NEFT,2025-12-22
T000717,A000161,C00105,49159,Debit,NEFT,2025-09-01
T000718,A000086,C00055,51834,Debit,IMPS,2025-07-26
T000719,A000001,C00001,28523,Debit,NEFT,2025-07-21
T000720,A000073,C00047,83888,Debit,IMPS,2025-05-17
T000721,A000165,C00109,29582,Credit,POS,2025-08-19
T000722,A000221,C00147,131501,Debit,ATM,2025-06-11
T000723,A000254,C00171,11620,Credit,NEFT,2025-10-02
T000724,A000095,C00062,123365,Debit,UPI,2025-05-21
T000725,A000167,C00110,102766,Debit,IMPS,2025-09-29
T000726,A000047,C00031,75695,Credit,NEFT,2025-08-19
T000727,A000209,C00138,3179,Credit,POS,2025-12-24
T000728,A000096,C00063,148597,Debit,NEFT,2025-11-05
T000729,A000225,C00151,94420,Debit,ATM,2025-02-05
T000730,A000114,C00076,143897,Credit,POS,2025-12-14
T000731,A000166,C00109,108295,Credit,NEFT,2025-03-26
T000732,A000097,C00064,169123,Credit,UPI,2025-07-26
T000733,A000008,C00005,103515,Debit,IMPS,2025-07-20
T000734,A000099,C00066,131122,Debit,NEFT,2025-04-06
T000735,A000046,C00030,186788,Credit,POS,2025-09-24
T000736,A000238,C00160,108533,Debit,ATM,2025-04-20
T000737,A000243,C00162,88895,Credit,IMPS,2025-02-04
T000738,A000163,C00107,131731,Credit,POS,2025-12-08
T000739,A000270,C00182,61846,Debit,IMPS,2025-04-20
T000740,A000259,C00174,150497,Debit,ATM,2025-03-19
T000741,A000288,C00194,58343,Credit,POS,2025-03-05
T000742,A000057,C00037,74183,Credit,IMPS,2025-05-28
T000743,A000005,C00003,34513,Debit,POS,2025-05-21
T000744,A000082,C00053,186752,Credit,POS,2025-11-06
T000745,A000018,C00012,133549,Debit,POS,2025-04-20
T000746,A000249,C00167,58785,Debit,UPI,2025-07-04
T000747,A000043,C00028,177311,Credit,NEFT,2025-01-12
T000748,A000139,C00092,183452,Credit,UPI,2025-06-16
T000749,A000240,C00161,57350,Credit,IMPS,2025-11-19
T000750,A000199,C00131,36475,Debit,NEFT,2025-09-15
T000751,A000278,C00188,15592,Debit,POS,2025-10-12
T000752,A000264,C00178,156251,Credit,UPI,2025-10-03
T000753,A000065,C00043,122674,Credit,IMPS,2025-04-25
T000754,A000027,C00017,77209,Debit,NEFT,2025-09-29
T000755,A000148,C00097,149116,Credit,ATM,2025-10-12
T000756,A000029,C00019,54883,Debit,POS,2025-10-02
T000757,A000250,C00168,187034,Credit,ATM,2025-03-30
T000758,A000103,C00069,7537,Debit,IMPS,2025-07-11
T000759,A000020,C00013,16629,Debit,UPI,2025-10-27
T000760,A000106,C00071,29559,Debit,IMPS,2025-09-20
T000761,A000249,C00167,154438,Debit,ATM,2025-12-08
T000762,A000163,C00107,14445,Debit,POS,2025-06-18
T000763,A000018,C00012,172545,Debit,UPI,2025-11-25
T000764,A000030,C00019,125372,Credit,IMPS,2025-08-21
T000765,A000066,C00043,179057,Debit,ATM,2025-06-24
T000766,A000272,C00184,161498,Credit,UPI,2025-07-26
T000767,A000289,C00195,43502,Debit,ATM,2025-02-09
T000768,A000011,C00007,193036,Credit,IMPS,2025-04-12
T000769,A000163,C00107,184580,Credit,NEFT,2025-04-14
T000770,A000138,C00091,146970,Debit,UPI,2025-11-10
T000771,A000012,C00008,188715,Credit,UPI,2025-07-01
T000772,A000106,C00071,54007,Debit,UPI,2025-11-25
T000773,A000089,C00057,189364,Debit,POS,2025-07-01
T000774,A000038,C00024,164615,Credit,POS,2025-11-20
T000775,A000295,C00200,82853,Debit,NEFT,2025-02-23
T000776,A000083,C00054,11697,Credit,NEFT,2025-08-04
T000777,A000059,C00038,7803,Debit,UPI,2025-06-25
T000778,A000282,C00190,28070,Credit,NEFT,2025-08-30
T000779,A000065,C00043,127507,Credit,NEFT,2025-06-13
T000780,A000245,C00163,124944,Credit,UPI,2025-09-28
T000781,A000086,C00055,147796,Debit,POS,2025-07-19
T000782,A000125,C00084,54963,Debit,NEFT,2025-12-03
T000783,A000230,C00154,5662,Credit,NEFT,2025-09-23
T000784,A000032,C00020,114590,Debit,ATM,2025-08-12
T000785,A000177,C00116,35182,Credit,UPI,2025-02-26
T000786,A000217,C00143,56206,Debit,UPI,2025-01-05
T000787,A000158,C00103,22656,Debit,UPI,2025-04-15
T000788,A000159,C00104,150265,Credit,NEFT,2025-06-23
T000789,A000215,C00142,163830,Debit,IMPS,2025-11-24
T000790,A000129,C00087,54028,Credit,ATM,2025-04-15
T000791,A000207,C00136,93053,Debit,UPI,2025-02-20
T000792,A000110,C00074,155085,Credit,ATM,2025-08-14
T000793,A000228,C00153,119744,Debit,UPI,2025-10-19
T000794,A000237,C00159,190017,Credit,IMPS,2025-03-28
T000795,A000123,C00082,105014,Credit,IMPS,2025-12-21
T000796,A000051,C00033,123756,Credit,UPI,2025-09-12
T000797,A000054,C00035,157143,Debit,UPI,2025-12-25
T000798,A000154,C00101,62647,Credit,UPI,2025-07-20
T000799,A000223,C00149,148494,Credit,UPI,2025-05-05
T000800,A000256,C00172,24688,Credit,UPI,2025-01-20
T000801,A000236,C00159,122399,Credit,IMPS,2025-05-04
T000802,A000241,C00161,57664,Credit,POS,2025-11-23
T000803,A000253,C00170,151634,Debit,NEFT,2025-01-22
T000804,A000213,C00140,40316,Debit,UPI,2025-09-03
T000805,A000167,C00110,198574,Credit,UPI,2025-04-06
T000806,A000136,C00090,37652,Credit,POS,2025-09-20
T000807,A000224,C00150,84844,Credit,POS,2025-07-15
T000808,A000230,C00154,693,Credit,UPI,2025-10-12
T000809,A000252,C00169,170036,Credit,POS,2025-10-15
T000810,A000241,C00161,162588,Credit,UPI,2025-12-05
T000811,A000148,C00097,143091,Debit,IMPS,2025-07-23
T000812,A000113,C00075,175920,Credit,POS,2025-04-17
T000813,A000172,C00113,6410,Credit,POS,2025-08-23
T000814,A000291,C00197,54824,Credit,ATM,2025-12-10
T000815,A000023,C00015,112572,Credit,POS,2025-02-14
T000816,A000294,C00199,143261,Debit,UPI,2025-02-14
T000817,A000289,C00195,191510,Credit,UPI,2025-02-15
T000818,A000155,C00101,96460,Debit,NEFT,2025-06-08
T000819,A000275,C00186,199963,Debit,ATM,2025-09-10
T000820,A000253,C00170,159071,Debit,ATM,2025-01-04
T000821,A000280,C00189,20771,Credit,UPI,2025-02-28
T000822,A000234,C00157,179112,Credit,POS,2025-07-17
T000823,A000264,C00178,119538,Debit,POS,2025-10-22
T000824,A000258,C00173,170120,Credit,UPI,2025-01-12
T000825,A000065,C00043,15541,Credit,ATM,2025-08-09
T000826,A000078,C00050,14469,Credit,POS,2025-05-31
T000827,A000034,C00022,115899,Debit,ATM,2025-05-10
T000828,A000267,C00180,78883,Debit,UPI,2025-06-16
T000829,A000147,C00097,100315,Credit,ATM,2025-08-15
T000830,A000063,C00041,42812,Debit,POS,2025-06-16
T000831,A000252,C00169,71978,Credit,UPI,2025-07-31
T000832,A000110,C00074,141091,Credit,NEFT,2025-04-29
T000833,A000206,C00135,142699,Debit,NEFT,2025-01-01
T000834,A000140,C00093,62695,Debit,UPI,2025-09-30
T000835,A000132,C00088,42385,Credit,UPI,2025-06-10
T000836,A000058,C00038,111511,Debit,NEFT,2025-02-02
T000837,A000240,C00161,140944,Credit,IMPS,2025-03-24
T000838,A000267,C00180,55545,Credit,POS,2025-05-06
T000839,A000113,C00075,106924,Credit,ATM,2025-04-22
T000840,A000151,C00099,75437,Credit,NEFT,2025-08-09
T000841,A000123,C00082,187744,Credit,ATM,2025-11-09
T000842,A000213,C00140,114916,Credit,NEFT,2025-07-20
T000843,A000246,C00164,65240,Debit,NEFT,2025-01-15
T000844,A000071,C00046,24155,Credit,NEFT,2025-11-13
T000845,A000213,C00140,172055,Credit,UPI,2025-11-03
T000846,A000276,C00187,17907,Debit,NEFT,2025-02-09
T000847,A000290,C00196,16861,Credit,POS,2025-01-08
T000848,A000080,C00052,19354,Debit,UPI,2025-03-14
T000849,A000214,C00141,146192,Credit,IMPS,2025-11-28
T000850,A000166,C00109,133865,Debit,IMPS,2025-04-02
T000851,A000072,C00046,26337,Debit,NEFT,2025-07-22
T000852,A000288,C00194,107301,Credit,IMPS,2025-02-18
T000853,A000067,C00044,120851,Debit,NEFT,2025-04-16
T000854,A000012,C00008,8147,Debit,ATM,2025-02-24
T000855,A000181,C00118,54854,Debit,NEFT,2025-05-23
T000856,A000269,C00182,163910,Credit,ATM,2025-02-07
T000857,A000284,C00192,23558,Credit,POS,2025-06-09
T000858,A000274,C00186,173434,Debit,ATM,2025-01-24
T000859,A000233,C00157,37759,Debit,UPI,2025-01-30
T000860,A000148,C00097,100504,Debit,UPI,2025-10-19
T000861,A000168,C00111,153104,Credit,UPI,2025-02-03
T000862,A000239,C00160,77664,Credit,NEFT,2025-03-08
T000863,A000269,C00182,93258,Debit,POS,2025-04-01
T000864,A000180,C00118,36370,Debit,NEFT,2025-07-09
T000865,A000107,C00072,96105,Credit,POS,2025-12-06
T000866,A000164,C00108,29321,Credit,ATM,2025-05-27
T000867,A000087,C00056,199538,Debit,UPI,2025-04-25
T000868,A000216,C00143,170129,Credit,ATM,2025-07-16
T000869,A000292,C00197,95874,Credit,IMPS,2025-05-15
T000870,A000244,C00163,2076,Credit,UPI,2025-12-06
T000871,A000177,C00116,99036,Debit,ATM,2025-05-25
T000872,A000106,C00071,7805,Debit,IMPS,2025-09-07
T000873,A000273,C00185,30467,Credit,IMPS,2025-10-12
T000874,A000248,C00166,186621,Debit,UPI,2025-07-27
T000875,A000011,C00007,30972,Debit,IMPS,2025-03-30
T000876,A000168,C00111,60588,Debit,IMPS,2025-02-01
T000877,A000090,C00058,31114,Credit,UPI,2025-05-17
T000878,A000018,C00012,94771,Debit,IMPS,2025-05-03
T000879,A000262,C00176,88848,Credit,UPI,2025-09-18
T000880,A000125,C00084,58402,Debit,ATM,2025-10-16
T000881,A000165,C00109,160307,Debit,UPI,2025-01-31
T000882,A000169,C00111,113308,Credit,ATM,2025-09-25
T000883,A000234,C00157,44834,Debit,ATM,2025-02-21
T000884,A000060,C00039,21878,Debit,NEFT,2025-08-28
T000885,A000254,C00171,120931,Credit,UPI,2025-08-20
T000886,A000275,C00186,165512,Debit,UPI,2025-04-16
T000887,A000119,C00079,73665,Debit,UPI,2025-03-03
T000888,A000036,C00023,184511,Debit,IMPS,2025-05-12
T000889,A000049,C00032,47278,Credit,POS,2025-01-13
T000890,A000019,C00013,168806,Debit,UPI,2025-10-03
T000891,A000239,C00160,170081,Credit,IMPS,2025-12-07
T000892,A000256,C00172,158678,Credit,NEFT,2025-03-16
T000893,A000149,C00098,101643,Debit,UPI,2025-07-08
T000894,A000196,C00129,172186,Credit,ATM,2025-01-09
T000895,A000244,C00163,156850,Debit,UPI,2025-08-19
T000896,A000114,C00076,56976,Credit,NEFT,2025-08-13
T000897,A000122,C00082,36927,Credit,NEFT,2025-06-10
T000898,A000108,C00072,153009,Credit,UPI,2025-07-25
T000899,A000158,C00103,6660,Credit,UPI,2025-07-04
T000900,A000077,C00050,127032,Credit,UPI,2025-09-02
T000901,A000164,C00108,98066,Debit,ATM,2025-11-15
T000902,A000167,C00110,56822,Credit,IMPS,2025-04-14
T000903,A000216,C00143,81335,Debit,NEFT,2025-04-26
T000904,A000034,C00022,198226,Debit,UPI,2025-07-28
T000905,A000097,C00064,46632,Debit,IMPS,2025-12-09
T000906,A000203,C00133,185941,Credit,POS,2025-07-11
T000907,A000296,C00200,42587,Credit,UPI,2025-03-21
T000908,A000191,C00126,159362,Debit,POS,2025-08-21
T000909,A000231,C00155,124635,Debit,ATM,2025-05-14
T000910,A000171,C00112,63129,Credit,NEFT,2025-08-02
T000911,A000003,C00002,39198,Credit,POS,2025-03-11
T000912,A000146,C00096,152513,Debit,UPI,2025-03-27
T000913,A000004,C00002,61523,Debit,ATM,2025-02-11
T000914,A000215,C00142,153608,Debit,IMPS,2025-05-10
T000915,A000049,C00032,149566,Credit,ATM,2025-05-18
T000916,A000045,C00029,186763,Debit,UPI,2025-01-27
T000917,A000257,C00173,114284,Credit,UPI,2025-05-29
T000918,A000191,C00126,18590,Debit,ATM,2025-03-12
T000919,A000258,C00173,110223,Credit,POS,2025-07-12
T000920,A000095,C00062,78815,Credit,IMPS,2025-05-05
T000921,A000073,C00047,131065,Debit,POS,2025-10-13
T000922,A000114,C00076,50611,Debit,UPI,2025-10-31
T000923,A000028,C00018,66513,Debit,ATM,2025-12-21
T000924,A000159,C00104,67119,Credit,IMPS,2025-07-07
T000925,A000253,C00170,137427,Debit,UPI,2025-12-25
T000926,A000252,C00169,194422,Credit,POS,2025-12-16
T000927,A000159,C00104,123748,Credit,NEFT,2025-01-05
T000928,A000132,C00088,116727,Debit,NEFT,2025-12-14
T000929,A000007,C00005,199534,Credit,IMPS,2025-06-16
T000930,A000035,C00022,61155,Debit,UPI,2025-04-17
T000931,A000006,C00004,142324,Debit,IMPS,2025-03-10
T000932,A000096,C00063,195987,Credit,NEFT,2025-12-29
T000933,A000072,C00046,94387,Debit,IMPS,2025-07-06
T000934,A000084,C00054,33540,Credit,ATM,2025-05-17
T000935,A000244,C00163,29747,Credit,POS,2025-03-11
T000936,A000211,C00139,106567,Debit,UPI,2025-08-29
T000937,A000290,C00196,152760,Debit,NEFT,2025-10-23
T000938,A000043,C00028,142424,Debit,NEFT,2025-12-27
T000939,A000144,C00095,198915,Debit,NEFT,2025-03-31
T000940,A000139,C00092,126375,Credit,ATM,2025-07-21
T000941,A000138,C00091,97016,Credit,NEFT,2025-10-09
T000942,A000002,C00001,168419,Credit,ATM,2025-12-27
T000943,A000241,C00161,155334,Credit,NEFT,2025-06-04
T000944,A000207,C00136,170158,Debit,ATM,2025-02-03
T000945,A000167,C00110,157681,Debit,POS,2025-01-24
T000946,A000026,C00017,52087,Credit,POS,2025-10-01
T000947,A000071,C00046,108170,Debit,UPI,2025-02-05
T000948,A000095,C00062,1345,Credit,UPI,2025-12-23
T000949,A000181,C00118,65353,Credit,ATM,2025-04-28
T000950,A000087,C00056,45853,Debit,ATM,2025-01-10
T000951,A000210,C00138,6376,Credit,UPI,2025-02-15
T000952,A000067,C00044,52093,Credit,IMPS,2025-06-21
T000953,A000026,C00017,19327,Debit,NEFT,2025-05-30
T000954,A000081,C00053,109515,Debit,NEFT,2025-06-20
T000955,A000010,C00006,14512,Credit,NEFT,2025-03-25
T000956,A000009,C00006,69714,Credit,UPI,2025-11-16
T000957,A000262,C00176,13817,Debit,ATM,2025-06-18
T000958,A000054,C00035,89674,Debit,ATM,2025-04-07
T000959,A000037,C00023,158743,Credit,ATM,2025-12-21
T000960,A000205,C00134,110939,Debit,NEFT,2025-01-09
T000961,A000023,C00015,60239,Debit,UPI,2025-08-30
T000962,A000158,C00103,24796,Credit,POS,2025-03-19
T000963,A000189,C00124,50247,Debit,IMPS,2025-04-29
T000964,A000117,C00078,163271,Credit,IMPS,2025-10-17
T000965,A000176,C00115,114256,Credit,UPI,2025-04-09
T000966,A000232,C00156,152797,Credit,UPI,2025-11-21
T000967,A000034,C00022,119982,Credit,NEFT,2025-09-14
T000968,A000039,C00025,111111,Debit,UPI,2025-01-16
T000969,A000065,C00043,60075,Credit,ATM,2025-09-20
T000970,A000106,C00071,76333,Credit,IMPS,2025-11-11
T000971,A000059,C00038,50519,Credit,ATM,2025-06-09
T000972,A000239,C00160,173774,Debit,ATM,2025-03-22
T000973,A000160,C00104,16358,Credit,IMPS,2025-06-23
T000974,A000092,C00060,184675,Debit,IMPS,2025-06-11
T000975,A000119,C00079,137177,Debit,UPI,2025-11-08
T000976,A000234,C00157,82806,Credit,NEFT,2025-01-26
T000977,A000132,C00088,85304,Credit,ATM,2025-03-31
T000978,A000030,C00019,165103,Credit,IMPS,2025-01-16
T000979,A000032,C00020,51927,Debit,UPI,2025-09-17
T000980,A000252,C00169,188414,Debit,IMPS,2025-09-28
T000981,A000215,C00142,81566,Credit,UPI,2025-12-04
T000982,A000054,C00035,18464,Debit,IMPS,2025-09-05
T000983,A000102,C00069,17587,Debit,POS,2025-04-24
T000984,A000172,C00113,117966,Debit,IMPS,2025-12-31
T000985,A000207,C00136,109780,Debit,POS,2025-08-17
T000986,A000139,C00092,190076,Debit,POS,2025-01-27
T000987,A000153,C00100,27611,Debit,UPI,2025-11-23
T000988,A000043,C00028,73130,Credit,UPI,2025-10-13
T000989,A000053,C00035,33904,Credit,IMPS,2025-12-17
T000990,A000229,C00154,162457,Credit,NEFT,2025-12-03
T000991,A000062,C00040,18067,Debit,IMPS,2025-09-24
T000992,A000157,C00102,22565,Credit,IMPS,2025-12-24
T000993,A000115,C00077,24752,Credit,UPI,2025-05-28
T000994,A000010,C00006,175821,Credit,POS,2025-02-24
T000995,A000218,C00144,183642,Credit,NEFT,2025-03-25
T000996,A000284,C00192,139522,Debit,ATM,2025-05-03
T000997,A000106,C00071,45630,Debit,IMPS,2025-12-29
T000998,A000231,C00155,88713,Debit,UPI,2025-05-05
T000999,A000112,C00075,120183,Credit,UPI,2025-05-13
